ModelName,ROC_AUC,F1_at_best_t,Best_Threshold
RandomForest,0.8529160902042258,0.6281755191322876,0.2966666666666667
